itemset,support_count,support
33,29,0.092652
39,83,0.265176
40,189,0.603834
42,76,0.242812
49,151,0.482428
39 40,54,0.172524
39 42,31,0.099042
39 49,40,0.127796
40 42,58,0.185304
40 49,117,0.373802
42 49,43,0.137380
39 40 42,23,0.073482
39 40 49,30,0.095847
40 42 49,38,0.121406
